event-id,visible,timestamp,location-long,location-lat,algorithm-marked-outlier,argos:lat1,argos:lat2,argos:lc,argos:location-algorithm,argos:lon1,argos:lon2,comments,modelled,sensor-type,individual-taxon-canonical-name,tag-local-identifier,individual-local-identifier,study-name
30046733274,True,2009-06-28 06:50:00.000,153.542,-29.005,,-29.005,-29.005,1,least squares,153.542,153.542,,,argos-doppler-shift,Megaptera novaeangliae,88730,88730,Movements of Australia's east coast humpback whales
30078746884,True,2009-06-28 06:50:00.000,153.542,-29.005,,,,,,,,"state-space model location estimate (see Andrews-Goff et al. 2023, https://doi.org/10.3897/BDJ.11.e114729)",True,argos-doppler-shift,Megaptera novaeangliae,88730,88730,Movements of Australia's east coast humpback whales
30046733410,True,2009-06-28 10:30:00.000,153.641,-28.859,,-28.859,-28.859,A,least squares,153.641,153.641,,,argos-doppler-shift,Megaptera novaeangliae,88730,88730,Movements of Australia's east coast humpback whales
30078746885,True,2009-06-28 10:30:00.000,153.647,-28.826,,,,,,,,"state-space model location estimate (see Andrews-Goff et al. 2023, https://doi.org/10.3897/BDJ.11.e114729)",True,argos-doppler-shift,Megaptera novaeangliae,88730,88730,Movements of Australia's east coast humpback whales
30046733418,True,2009-06-28 10:45:00.000,153.646,-28.825,,-28.825,-28.825,A,least squares,153.646,153.646,,,argos-doppler-shift,Megaptera novaeangliae,88730,88730,Movements of Australia's east coast humpback whales
30078746886,True,2009-06-28 10:45:00.000,153.654,-28.814,,,,,,,,"state-space model location estimate (see Andrews-Goff et al. 2023, https://doi.org/10.3897/BDJ.11.e114729)",True,argos-doppler-shift,Megaptera novaeangliae,88730,88730,Movements of Australia's east coast humpback whales
30046733487,True,2009-06-28 12:10:00.000,153.704,-28.727,,-28.727,-28.727,A,least squares,153.704,153.704,,,argos-doppler-shift,Megaptera novaeangliae,88730,88730,Movements of Australia's east coast humpback whales
30078746887,True,2009-06-28 12:10:00.000,153.691,-28.733,,,,,,,,"state-space model location estimate (see Andrews-Goff et al. 2023, https://doi.org/10.3897/BDJ.11.e114729)",True,argos-doppler-shift,Megaptera novaeangliae,88730,88730,Movements of Australia's east coast humpback whales
30046733483,True,2009-06-28 12:26:00.000,153.703,-28.717,,-28.717,-28.717,1,least squares,153.703,153.703,,,argos-doppler-shift,Megaptera novaeangliae,88730,88730,Movements of Australia's east coast humpback whales
30078746888,True,2009-06-28 12:26:00.000,153.698,-28.718,,,,,,,,"state-space model location estimate (see Andrews-Goff et al. 2023, https://doi.org/10.3897/BDJ.11.e114729)",True,argos-doppler-shift,Megaptera novaeangliae,88730,88730,Movements of Australia's east coast humpback whales
30046733499,True,2009-06-28 13:44:00.000,153.719,-28.642,,-28.642,-28.642,B,least squares,153.719,153.719,,,argos-doppler-shift,Megaptera novaeangliae,88730,88730,Movements of Australia's east coast humpback whales
30078746889,True,2009-06-28 13:44:00.000,153.719,-28.648,,,,,,,,"state-space model location estimate (see Andrews-Goff et al. 2023, https://doi.org/10.3897/BDJ.11.e114729)",True,argos-doppler-shift,Megaptera novaeangliae,88730,88730,Movements of Australia's east coast humpback whales
30046733506,True,2009-06-28 15:26:00.000,153.731,-28.557,,-28.557,-28.557,2,least squares,153.731,153.731,,,argos-doppler-shift,Megaptera novaeangliae,88730,88730,Movements of Australia's east coast humpback whales
30078746890,True,2009-06-28 15:26:00.000,153.732,-28.556,,,,,,,,"state-space model location estimate (see Andrews-Goff et al. 2023, https://doi.org/10.3897/BDJ.11.e114729)",True,argos-doppler-shift,Megaptera novaeangliae,88730,88730,Movements of Australia's east coast humpback whales
30046733516,True,2009-06-28 17:45:00.000,153.748,-28.414,,-28.414,-28.414,1,least squares,153.748,153.748,,,argos-doppler-shift,Megaptera novaeangliae,88730,88730,Movements of Australia's east coast humpback whales
30078746891,True,2009-06-28 17:45:00.000,153.731,-28.426,,,,,,,,"state-space model location estimate (see Andrews-Goff et al. 2023, https://doi.org/10.3897/BDJ.11.e114729)",True,argos-doppler-shift,Megaptera novaeangliae,88730,88730,Movements of Australia's east coast humpback whales
30046733511,True,2009-06-28 18:01:00.000,153.734,-28.42,,-28.42,-28.42,1,least squares,153.734,153.734,,,argos-doppler-shift,Megaptera novaeangliae,88730,88730,Movements of Australia's east coast humpback whales
30078746892,True,2009-06-28 18:01:00.000,153.73,-28.413,,,,,,,,"state-space model location estimate (see Andrews-Goff et al. 2023, https://doi.org/10.3897/BDJ.11.e114729)",True,argos-doppler-shift,Megaptera novaeangliae,88730,88730,Movements of Australia's east coast humpback whales
30046733469,True,2009-06-28 19:25:00.000,153.686,-28.356,,-28.356,-28.356,1,least squares,153.686,153.686,,,argos-doppler-shift,Megaptera novaeangliae,88730,88730,Movements of Australia's east coast humpback whales
30078746893,True,2009-06-28 19:25:00.000,153.702,-28.351,,,,,,,,"state-space model location estimate (see Andrews-Goff et al. 2023, https://doi.org/10.3897/BDJ.11.e114729)",True,argos-doppler-shift,Megaptera novaeangliae,88730,88730,Movements of Australia's east coast humpback whales
30046733399,True,2009-06-28 21:06:00.000,153.633,-28.268,,-28.268,-28.268,B,least squares,153.633,153.633,,,argos-doppler-shift,Megaptera novaeangliae,88730,88730,Movements of Australia's east coast humpback whales
30078746894,True,2009-06-28 21:06:00.000,153.676,-28.247,,,,,,,,"state-space model location estimate (see Andrews-Goff et al. 2023, https://doi.org/10.3897/BDJ.11.e114729)",True,argos-doppler-shift,Megaptera novaeangliae,88730,88730,Movements of Australia's east coast humpback whales
30046733426,True,2009-06-28 21:45:00.000,153.653,-28.205,,-28.205,-28.205,0,least squares,153.653,153.653,,,argos-doppler-shift,Megaptera novaeangliae,88730,88730,Movements of Australia's east coast humpback whales
30078746895,True,2009-06-28 21:45:00.000,153.667,-28.204,,,,,,,,"state-space model location estimate (see Andrews-Goff et al. 2023, https://doi.org/10.3897/BDJ.11.e114729)",True,argos-doppler-shift,Megaptera novaeangliae,88730,88730,Movements of Australia's east coast humpback whales
30046733447,True,2009-06-28 21:57:00.000,153.666,-28.189,,-28.189,-28.189,1,least squares,153.666,153.666,,,argos-doppler-shift,Megaptera novaeangliae,88730,88730,Movements of Australia's east coast humpback whales
30078746896,True,2009-06-28 21:57:00.000,153.664,-28.191,,,,,,,,"state-space model location estimate (see Andrews-Goff et al. 2023, https://doi.org/10.3897/BDJ.11.e114729)",True,argos-doppler-shift,Megaptera novaeangliae,88730,88730,Movements of Australia's east coast humpback whales
30046733276,True,2009-06-29 12:04:00.000,153.543,-27.729,,-27.729,-27.729,B,least squares,153.543,153.543,,,argos-doppler-shift,Megaptera novaeangliae,88730,88730,Movements of Australia's east coast humpback whales
30078746897,True,2009-06-29 12:04:00.000,153.483,-27.69,,,,,,,,"state-space model location estimate (see Andrews-Goff et al. 2023, https://doi.org/10.3897/BDJ.11.e114729)",True,argos-doppler-shift,Megaptera novaeangliae,88730,88730,Movements of Australia's east coast humpback whales
30046733294,True,2009-06-29 13:27:00.000,153.556,-27.626,,-27.626,-27.626,B,least squares,153.556,153.556,,,argos-doppler-shift,Megaptera novaeangliae,88730,88730,Movements of Australia's east coast humpback whales
30078746898,True,2009-06-29 13:27:00.000,153.46,-27.637,,,,,,,,"state-space model location estimate (see Andrews-Goff et al. 2023, https://doi.org/10.3897/BDJ.11.e114729)",True,argos-doppler-shift,Megaptera novaeangliae,88730,88730,Movements of Australia's east coast humpback whales
30046733129,True,2009-06-29 15:17:00.000,153.444,-27.572,,-27.572,-27.572,0,least squares,153.444,153.444,,,argos-doppler-shift,Megaptera novaeangliae,88730,88730,Movements of Australia's east coast humpback whales
30078746899,True,2009-06-29 15:17:00.000,153.418,-27.562,,,,,,,,"state-space model location estimate (see Andrews-Goff et al. 2023, https://doi.org/10.3897/BDJ.11.e114729)",True,argos-doppler-shift,Megaptera novaeangliae,88730,88730,Movements of Australia's east coast humpback whales
30046733296,True,2009-06-29 16:58:00.000,153.558,-27.499,,-27.499,-27.499,B,least squares,153.558,153.558,,,argos-doppler-shift,Megaptera novaeangliae,88730,88730,Movements of Australia's east coast humpback whales
30078746900,True,2009-06-29 16:58:00.000,153.373,-27.489,,,,,,,,"state-space model location estimate (see Andrews-Goff et al. 2023, https://doi.org/10.3897/BDJ.11.e114729)",True,argos-doppler-shift,Megaptera novaeangliae,88730,88730,Movements of Australia's east coast humpback whales
30046732842,True,2009-06-29 17:35:00.000,153.183,-27.432,,-27.432,-27.432,A,least squares,153.183,153.183,,,argos-doppler-shift,Megaptera novaeangliae,88730,88730,Movements of Australia's east coast humpback whales
30078746901,True,2009-06-29 17:35:00.000,153.357,-27.463,,,,,,,,"state-space model location estimate (see Andrews-Goff et al. 2023, https://doi.org/10.3897/BDJ.11.e114729)",True,argos-doppler-shift,Megaptera novaeangliae,88730,88730,Movements of Australia's east coast humpback whales
30046733257,True,2009-06-30 15:03:00.000,153.53,-26.684,,-26.684,-26.684,1,least squares,153.53,153.53,,,argos-doppler-shift,Megaptera novaeangliae,88730,88730,Movements of Australia's east coast humpback whales
30078746902,True,2009-06-30 15:03:00.000,153.529,-26.684,,,,,,,,"state-space model location estimate (see Andrews-Goff et al. 2023, https://doi.org/10.3897/BDJ.11.e114729)",True,argos-doppler-shift,Megaptera novaeangliae,88730,88730,Movements of Australia's east coast humpback whales
30046733118,True,2009-06-30 17:10:00.000,153.439,-26.61,,-26.61,-26.61,B,least squares,153.439,153.439,,,argos-doppler-shift,Megaptera novaeangliae,88730,88730,Movements of Australia's east coast humpback whales
30078746903,True,2009-06-30 17:10:00.000,153.539,-26.608,,,,,,,,"state-space model location estimate (see Andrews-Goff et al. 2023, https://doi.org/10.3897/BDJ.11.e114729)",True,argos-doppler-shift,Megaptera novaeangliae,88730,88730,Movements of Australia's east coast humpback whales
30046733065,True,2009-07-01 12:48:00.000,153.386,-25.969,,-25.969,-25.969,0,least squares,153.386,153.386,,,argos-doppler-shift,Megaptera novaeangliae,88730,88730,Movements of Australia's east coast humpback whales
30078746904,True,2009-07-01 12:48:00.000,153.386,-25.972,,,,,,,,"state-space model location estimate (see Andrews-Goff et al. 2023, https://doi.org/10.3897/BDJ.11.e114729)",True,argos-doppler-shift,Megaptera novaeangliae,88730,88730,Movements of Australia's east coast humpback whales
30046733067,True,2009-07-01 12:56:00.000,153.387,-25.951,,-25.951,-25.951,A,least squares,153.387,153.387,,,argos-doppler-shift,Megaptera novaeangliae,88730,88730,Movements of Australia's east coast humpback whales
30078746905,True,2009-07-01 12:56:00.000,153.385,-25.968,,,,,,,,"state-space model location estimate (see Andrews-Goff et al. 2023, https://doi.org/10.3897/BDJ.11.e114729)",True,argos-doppler-shift,Megaptera novaeangliae,88730,88730,Movements of Australia's east coast humpback whales
30046733043,True,2009-07-01 16:34:00.000,153.366,-25.905,,-25.905,-25.905,A,least squares,153.366,153.366,,,argos-doppler-shift,Megaptera novaeangliae,88730,88730,Movements of Australia's east coast humpback whales
30078746906,True,2009-07-01 16:34:00.000,153.355,-25.881,,,,,,,,"state-space model location estimate (see Andrews-Goff et al. 2023, https://doi.org/10.3897/BDJ.11.e114729)",True,argos-doppler-shift,Megaptera novaeangliae,88730,88730,Movements of Australia's east coast humpback whales
30046733052,True,2009-07-02 12:29:00.000,153.372,-25.074,,-25.074,-25.074,2,least squares,153.372,153.372,,,argos-doppler-shift,Megaptera novaeangliae,88730,88730,Movements of Australia's east coast humpback whales
30078746907,True,2009-07-02 12:29:00.000,153.375,-25.074,,,,,,,,"state-space model location estimate (see Andrews-Goff et al. 2023, https://doi.org/10.3897/BDJ.11.e114729)",True,argos-doppler-shift,Megaptera novaeangliae,88730,88730,Movements of Australia's east coast humpback whales
30046733053,True,2009-07-02 12:31:00.000,153.373,-25.07,,-25.07,-25.07,0,least squares,153.373,153.373,,,argos-doppler-shift,Megaptera novaeangliae,88730,88730,Movements of Australia's east coast humpback whales
30078746908,True,2009-07-02 12:31:00.000,153.375,-25.073,,,,,,,,"state-space model location estimate (see Andrews-Goff et al. 2023, https://doi.org/10.3897/BDJ.11.e114729)",True,argos-doppler-shift,Megaptera novaeangliae,88730,88730,Movements of Australia's east coast humpback whales
30046733083,True,2009-07-02 14:44:00.000,153.403,-24.991,,-24.991,-24.991,2,least squares,153.403,153.403,,,argos-doppler-shift,Megaptera novaeangliae,88730,88730,Movements of Australia's east coast humpback whales
30078746909,True,2009-07-02 14:44:00.000,153.399,-24.99,,,,,,,,"state-space model location estimate (see Andrews-Goff et al. 2023, https://doi.org/10.3897/BDJ.11.e114729)",True,argos-doppler-shift,Megaptera novaeangliae,88730,88730,Movements of Australia's east coast humpback whales
30046733055,True,2009-07-02 16:26:00.000,153.374,-24.917,,-24.917,-24.917,1,least squares,153.374,153.374,,,argos-doppler-shift,Megaptera novaeangliae,88730,88730,Movements of Australia's east coast humpback whales
30078746910,True,2009-07-02 16:26:00.000,153.375,-24.919,,,,,,,,"state-space model location estimate (see Andrews-Goff et al. 2023, https://doi.org/10.3897/BDJ.11.e114729)",True,argos-doppler-shift,Megaptera novaeangliae,88730,88730,Movements of Australia's east coast humpback whales
30046732896,True,2009-07-02 17:59:00.000,153.225,-24.87,,-24.87,-24.87,0,least squares,153.225,153.225,,,argos-doppler-shift,Megaptera novaeangliae,88730,88730,Movements of Australia's east coast humpback whales
30078746911,True,2009-07-02 17:59:00.000,153.335,-24.859,,,,,,,,"state-space model location estimate (see Andrews-Goff et al. 2023, https://doi.org/10.3897/BDJ.11.e114729)",True,argos-doppler-shift,Megaptera novaeangliae,88730,88730,Movements of Australia's east coast humpback whales
30046732563,True,2009-07-03 12:11:00.000,152.979,-24.229,,-24.229,-24.229,2,least squares,152.979,152.979,,,argos-doppler-shift,Megaptera novaeangliae,88730,88730,Movements of Australia's east coast humpback whales
30078746912,True,2009-07-03 12:11:00.000,152.979,-24.229,,,,,,,,"state-space model location estimate (see Andrews-Goff et al. 2023, https://doi.org/10.3897/BDJ.11.e114729)",True,argos-doppler-shift,Megaptera novaeangliae,88730,88730,Movements of Australia's east coast humpback whales
30046732514,True,2009-07-03 14:34:00.000,152.897,-24.182,,-24.182,-24.182,1,least squares,152.897,152.897,,,argos-doppler-shift,Megaptera novaeangliae,88730,88730,Movements of Australia's east coast humpback whales
30078746913,True,2009-07-03 14:34:00.000,152.887,-24.183,,,,,,,,"state-space model location estimate (see Andrews-Goff et al. 2023, https://doi.org/10.3897/BDJ.11.e114729)",True,argos-doppler-shift,Megaptera novaeangliae,88730,88730,Movements of Australia's east coast humpback whales
30046732464,True,2009-07-03 16:15:00.000,152.796,-24.173,,-24.173,-24.173,2,least squares,152.796,152.796,,,argos-doppler-shift,Megaptera novaeangliae,88730,88730,Movements of Australia's east coast humpback whales
30078746914,True,2009-07-03 16:15:00.000,152.798,-24.173,,,,,,,,"state-space model location estimate (see Andrews-Goff et al. 2023, https://doi.org/10.3897/BDJ.11.e114729)",True,argos-doppler-shift,Megaptera novaeangliae,88730,88730,Movements of Australia's east coast humpback whales
30046732225,True,2009-07-04 14:22:00.000,152.294,-23.697,,-23.697,-23.697,B,least squares,152.294,152.294,,,argos-doppler-shift,Megaptera novaeangliae,88730,88730,Movements of Australia's east coast humpback whales
30078746915,True,2009-07-04 14:22:00.000,152.304,-23.724,,,,,,,,"state-space model location estimate (see Andrews-Goff et al. 2023, https://doi.org/10.3897/BDJ.11.e114729)",True,argos-doppler-shift,Megaptera novaeangliae,88730,88730,Movements of Australia's east coast humpback whales
30046732206,True,2009-07-04 16:02:00.000,152.268,-23.691,,-23.691,-23.691,1,least squares,152.268,152.268,,,argos-doppler-shift,Megaptera novaeangliae,88730,88730,Movements of Australia's east coast humpback whales
30078746916,True,2009-07-04 16:02:00.000,152.268,-23.691,,,,,,,,"state-space model location estimate (see Andrews-Goff et al. 2023, https://doi.org/10.3897/BDJ.11.e114729)",True,argos-doppler-shift,Megaptera novaeangliae,88730,88730,Movements of Australia's east coast humpback whales
30046732075,True,2009-07-05 15:54:00.000,151.982,-22.957,,-22.957,-22.957,2,least squares,151.982,151.982,,,argos-doppler-shift,Megaptera novaeangliae,88730,88730,Movements of Australia's east coast humpback whales
30078746917,True,2009-07-05 15:54:00.000,151.982,-22.957,,,,,,,,"state-space model location estimate (see Andrews-Goff et al. 2023, https://doi.org/10.3897/BDJ.11.e114729)",True,argos-doppler-shift,Megaptera novaeangliae,88730,88730,Movements of Australia's east coast humpback whales
30046731989,True,2009-07-06 12:43:00.000,151.852,-22.493,,-22.493,-22.493,A,least squares,151.852,151.852,,,argos-doppler-shift,Megaptera novaeangliae,88730,88730,Movements of Australia's east coast humpback whales
30078746918,True,2009-07-06 12:43:00.000,151.835,-22.548,,,,,,,,"state-space model location estimate (see Andrews-Goff et al. 2023, https://doi.org/10.3897/BDJ.11.e114729)",True,argos-doppler-shift,Megaptera novaeangliae,88730,88730,Movements of Australia's east coast humpback whales
30046731961,True,2009-07-06 15:43:00.000,151.814,-22.502,,-22.502,-22.502,2,least squares,151.814,151.814,,,argos-doppler-shift,Megaptera novaeangliae,88730,88730,Movements of Australia's east coast humpback whales
30078746919,True,2009-07-06 15:43:00.000,151.814,-22.502,,,,,,,,"state-space model location estimate (see Andrews-Goff et al. 2023, https://doi.org/10.3897/BDJ.11.e114729)",True,argos-doppler-shift,Megaptera novaeangliae,88730,88730,Movements of Australia's east coast humpback whales
30046731783,True,2009-07-07 12:20:00.000,151.463,-22.14,,-22.14,-22.14,B,least squares,151.463,151.463,,,argos-doppler-shift,Megaptera novaeangliae,88730,88730,Movements of Australia's east coast humpback whales
30078746920,True,2009-07-07 12:20:00.000,151.526,-22.147,,,,,,,,"state-space model location estimate (see Andrews-Goff et al. 2023, https://doi.org/10.3897/BDJ.11.e114729)",True,argos-doppler-shift,Megaptera novaeangliae,88730,88730,Movements of Australia's east coast humpback whales
30046731719,True,2009-07-07 12:21:00.000,151.3,-22.373,,-22.373,-22.373,A,least squares,151.3,151.3,,,argos-doppler-shift,Megaptera novaeangliae,88730,88730,Movements of Australia's east coast humpback whales
30046731804,True,2009-07-07 15:32:00.000,151.518,-22.127,,-22.127,-22.127,1,least squares,151.518,151.518,,,argos-doppler-shift,Megaptera novaeangliae,88730,88730,Movements of Australia's east coast humpback whales
30078746921,True,2009-07-07 15:32:00.000,151.521,-22.128,,,,,,,,"state-space model location estimate (see Andrews-Goff et al. 2023, https://doi.org/10.3897/BDJ.11.e114729)",True,argos-doppler-shift,Megaptera novaeangliae,88730,88730,Movements of Australia's east coast humpback whales
30046731808,True,2009-07-07 17:45:00.000,151.539,-22.135,,-22.135,-22.135,1,least squares,151.539,151.539,,,argos-doppler-shift,Megaptera novaeangliae,88730,88730,Movements of Australia's east coast humpback whales
30078746922,True,2009-07-07 17:45:00.000,151.536,-22.134,,,,,,,,"state-space model location estimate (see Andrews-Goff et al. 2023, https://doi.org/10.3897/BDJ.11.e114729)",True,argos-doppler-shift,Megaptera novaeangliae,88730,88730,Movements of Australia's east coast humpback whales
30046731801,True,2009-07-08 12:07:00.000,151.503,-22.009,,-22.009,-22.009,2,least squares,151.503,151.503,,,argos-doppler-shift,Megaptera novaeangliae,88730,88730,Movements of Australia's east coast humpback whales
30078746923,True,2009-07-08 12:07:00.000,151.502,-22.009,,,,,,,,"state-space model location estimate (see Andrews-Goff et al. 2023, https://doi.org/10.3897/BDJ.11.e114729)",True,argos-doppler-shift,Megaptera novaeangliae,88730,88730,Movements of Australia's east coast humpback whales
30046731753,True,2009-07-08 15:22:00.000,151.407,-21.964,,-21.964,-21.964,0,least squares,151.407,151.407,,,argos-doppler-shift,Megaptera novaeangliae,88730,88730,Movements of Australia's east coast humpback whales
30078746924,True,2009-07-08 15:22:00.000,151.449,-21.969,,,,,,,,"state-space model location estimate (see Andrews-Goff et al. 2023, https://doi.org/10.3897/BDJ.11.e114729)",True,argos-doppler-shift,Megaptera novaeangliae,88730,88730,Movements of Australia's east coast humpback whales
30046731778,True,2009-07-08 17:19:00.000,151.454,-21.933,,-21.933,-21.933,B,least squares,151.454,151.454,,,argos-doppler-shift,Megaptera novaeangliae,88730,88730,Movements of Australia's east coast humpback whales
30078746925,True,2009-07-08 17:19:00.000,151.419,-21.942,,,,,,,,"state-space model location estimate (see Andrews-Goff et al. 2023, https://doi.org/10.3897/BDJ.11.e114729)",True,argos-doppler-shift,Megaptera novaeangliae,88730,88730,Movements of Australia's east coast humpback whales
30046731688,True,2009-07-09 13:09:00.000,151.194,-21.502,,-21.502,-21.502,B,least squares,151.194,151.194,,,argos-doppler-shift,Megaptera novaeangliae,88730,88730,Movements of Australia's east coast humpback whales
30078746926,True,2009-07-09 13:09:00.000,151.15,-21.51,,,,,,,,"state-space model location estimate (see Andrews-Goff et al. 2023, https://doi.org/10.3897/BDJ.11.e114729)",True,argos-doppler-shift,Megaptera novaeangliae,88730,88730,Movements of Australia's east coast humpback whales
30046731685,True,2009-07-09 13:23:00.000,151.19,-21.504,,-21.504,-21.504,B,least squares,151.19,151.19,,,argos-doppler-shift,Megaptera novaeangliae,88730,88730,Movements of Australia's east coast humpback whales
30078746927,True,2009-07-09 13:23:00.000,151.147,-21.505,,,,,,,,"state-space model location estimate (see Andrews-Goff et al. 2023, https://doi.org/10.3897/BDJ.11.e114729)",True,argos-doppler-shift,Megaptera novaeangliae,88730,88730,Movements of Australia's east coast humpback whales
30046731652,True,2009-07-09 15:09:00.000,151.116,-21.463,,-21.463,-21.463,2,least squares,151.116,151.116,,,argos-doppler-shift,Megaptera novaeangliae,88730,88730,Movements of Australia's east coast humpback whales
30078746928,True,2009-07-09 15:09:00.000,151.116,-21.463,,,,,,,,"state-space model location estimate (see Andrews-Goff et al. 2023, https://doi.org/10.3897/BDJ.11.e114729)",True,argos-doppler-shift,Megaptera novaeangliae,88730,88730,Movements of Australia's east coast humpback whales
30046731647,True,2009-07-09 16:52:00.000,151.086,-21.414,,-21.414,-21.414,B,least squares,151.086,151.086,,,argos-doppler-shift,Megaptera novaeangliae,88730,88730,Movements of Australia's east coast humpback whales
30078746929,True,2009-07-09 16:52:00.000,151.081,-21.417,,,,,,,,"state-space model location estimate (see Andrews-Goff et al. 2023, https://doi.org/10.3897/BDJ.11.e114729)",True,argos-doppler-shift,Megaptera novaeangliae,88730,88730,Movements of Australia's east coast humpback whales
30046731641,True,2009-07-09 16:57:00.000,151.077,-21.414,,-21.414,-21.414,1,least squares,151.077,151.077,,,argos-doppler-shift,Megaptera novaeangliae,88730,88730,Movements of Australia's east coast humpback whales
30078746930,True,2009-07-09 16:57:00.000,151.079,-21.415,,,,,,,,"state-space model location estimate (see Andrews-Goff et al. 2023, https://doi.org/10.3897/BDJ.11.e114729)",True,argos-doppler-shift,Megaptera novaeangliae,88730,88730,Movements of Australia's east coast humpback whales
30046731395,True,2009-07-10 12:47:00.000,150.643,-21.231,,-21.231,-21.231,B,least squares,150.643,150.643,,,argos-doppler-shift,Megaptera novaeangliae,88730,88730,Movements of Australia's east coast humpback whales
30078746931,True,2009-07-10 12:47:00.000,150.66,-21.231,,,,,,,,"state-space model location estimate (see Andrews-Goff et al. 2023, https://doi.org/10.3897/BDJ.11.e114729)",True,argos-doppler-shift,Megaptera novaeangliae,88730,88730,Movements of Australia's east coast humpback whales
30046731362,True,2009-07-11 12:27:00.000,150.588,-21.093,,-21.093,-21.093,A,least squares,150.588,150.588,,,argos-doppler-shift,Megaptera novaeangliae,88730,88730,Movements of Australia's east coast humpback whales
30078746932,True,2009-07-11 12:27:00.000,150.589,-21.091,,,,,,,,"state-space model location estimate (see Andrews-Goff et al. 2023, https://doi.org/10.3897/BDJ.11.e114729)",True,argos-doppler-shift,Megaptera novaeangliae,88730,88730,Movements of Australia's east coast humpback whales
30046731294,True,2009-07-12 12:20:00.000,150.506,-20.8,,-20.8,-20.8,A,least squares,150.506,150.506,,,argos-doppler-shift,Megaptera novaeangliae,88730,88730,Movements of Australia's east coast humpback whales
30078746933,True,2009-07-12 12:20:00.000,150.484,-20.811,,,,,,,,"state-space model location estimate (see Andrews-Goff et al. 2023, https://doi.org/10.3897/BDJ.11.e114729)",True,argos-doppler-shift,Megaptera novaeangliae,88730,88730,Movements of Australia's east coast humpback whales
30046731231,True,2009-07-12 16:23:00.000,150.426,-20.805,,-20.805,-20.805,A,least squares,150.426,150.426,,,argos-doppler-shift,Megaptera novaeangliae,88730,88730,Movements of Australia's east coast humpback whales
30078746934,True,2009-07-12 16:23:00.000,150.443,-20.794,,,,,,,,"state-space model location estimate (see Andrews-Goff et al. 2023, https://doi.org/10.3897/BDJ.11.e114729)",True,argos-doppler-shift,Megaptera novaeangliae,88730,88730,Movements of Australia's east coast humpback whales
30046731031,True,2009-07-13 12:06:00.000,150.209,-20.749,,-20.749,-20.749,B,least squares,150.209,150.209,,,argos-doppler-shift,Megaptera novaeangliae,88730,88730,Movements of Australia's east coast humpback whales
30078746935,True,2009-07-13 12:06:00.000,150.157,-20.799,,,,,,,,"state-space model location estimate (see Andrews-Goff et al. 2023, https://doi.org/10.3897/BDJ.11.e114729)",True,argos-doppler-shift,Megaptera novaeangliae,88730,88730,Movements of Australia's east coast humpback whales
30046730920,True,2009-07-13 14:29:00.000,150.122,-20.81,,-20.81,-20.81,2,least squares,150.122,150.122,,,argos-doppler-shift,Megaptera novaeangliae,88730,88730,Movements of Australia's east coast humpback whales
30078746936,True,2009-07-13 14:29:00.000,150.122,-20.81,,,,,,,,"state-space model location estimate (see Andrews-Goff et al. 2023, https://doi.org/10.3897/BDJ.11.e114729)",True,argos-doppler-shift,Megaptera novaeangliae,88730,88730,Movements of Australia's east coast humpback whales
30046730943,True,2009-07-13 16:09:00.000,150.142,-20.831,,-20.831,-20.831,1,least squares,150.142,150.142,,,argos-doppler-shift,Megaptera novaeangliae,88730,88730,Movements of Australia's east coast humpback whales
30046730927,True,2009-07-13 17:03:00.000,150.13,-20.819,,-20.819,-20.819,B,least squares,150.13,150.13,,,argos-doppler-shift,Megaptera novaeangliae,88730,88730,Movements of Australia's east coast humpback whales
30078746937,True,2009-07-13 17:03:00.000,150.089,-20.82,,,,,,,,"state-space model location estimate (see Andrews-Goff et al. 2023, https://doi.org/10.3897/BDJ.11.e114729)",True,argos-doppler-shift,Megaptera novaeangliae,88730,88730,Movements of Australia's east coast humpback whales
30046730912,True,2009-07-14 12:53:00.000,150.114,-20.862,,-20.862,-20.862,0,least squares,150.114,150.114,,,argos-doppler-shift,Megaptera novaeangliae,88730,88730,Movements of Australia's east coast humpback whales
30078746938,True,2009-07-14 12:53:00.000,150.095,-20.878,,,,,,,,"state-space model location estimate (see Andrews-Goff et al. 2023, https://doi.org/10.3897/BDJ.11.e114729)",True,argos-doppler-shift,Megaptera novaeangliae,88730,88730,Movements of Australia's east coast humpback whales
30046730898,True,2009-07-14 14:17:00.000,150.102,-20.883,,-20.883,-20.883,2,least squares,150.102,150.102,,,argos-doppler-shift,Megaptera novaeangliae,88730,88730,Movements of Australia's east coast humpback whales
30078746939,True,2009-07-14 14:17:00.000,150.103,-20.883,,,,,,,,"state-space model location estimate (see Andrews-Goff et al. 2023, https://doi.org/10.3897/BDJ.11.e114729)",True,argos-doppler-shift,Megaptera novaeangliae,88730,88730,Movements of Australia's east coast humpback whales
30046730928,True,2009-07-14 15:56:00.000,150.13,-20.885,,-20.885,-20.885,2,least squares,150.13,150.13,,,argos-doppler-shift,Megaptera novaeangliae,88730,88730,Movements of Australia's east coast humpback whales
30078746940,True,2009-07-14 15:56:00.000,150.129,-20.885,,,,,,,,"state-space model location estimate (see Andrews-Goff et al. 2023, https://doi.org/10.3897/BDJ.11.e114729)",True,argos-doppler-shift,Megaptera novaeangliae,88730,88730,Movements of Australia's east coast humpback whales
30046730813,True,2009-07-15 12:29:00.000,150.034,-20.768,,-20.768,-20.768,2,least squares,150.034,150.034,,,argos-doppler-shift,Megaptera novaeangliae,88730,88730,Movements of Australia's east coast humpback whales
30078746941,True,2009-07-15 12:29:00.000,150.034,-20.768,,,,,,,,"state-space model location estimate (see Andrews-Goff et al. 2023, https://doi.org/10.3897/BDJ.11.e114729)",True,argos-doppler-shift,Megaptera novaeangliae,88730,88730,Movements of Australia's east coast humpback whales
30046730802,True,2009-07-15 12:59:00.000,150.026,-20.772,,-20.772,-20.772,A,least squares,150.026,150.026,,,argos-doppler-shift,Megaptera novaeangliae,88730,88730,Movements of Australia's east coast humpback whales
30078746942,True,2009-07-15 12:59:00.000,150.032,-20.767,,,,,,,,"state-space model location estimate (see Andrews-Goff et al. 2023, https://doi.org/10.3897/BDJ.11.e114729)",True,argos-doppler-shift,Megaptera novaeangliae,88730,88730,Movements of Australia's east coast humpback whales
30046730685,True,2009-07-15 14:11:00.000,149.894,-20.757,,-20.757,-20.757,A,least squares,149.894,149.894,,,argos-doppler-shift,Megaptera novaeangliae,88730,88730,Movements of Australia's east coast humpback whales
30046730810,True,2009-07-15 15:47:00.000,150.032,-20.795,,-20.795,-20.795,2,least squares,150.032,150.032,,,argos-doppler-shift,Megaptera novaeangliae,88730,88730,Movements of Australia's east coast humpback whales
30078746943,True,2009-07-15 15:47:00.000,150.032,-20.795,,,,,,,,"state-space model location estimate (see Andrews-Goff et al. 2023, https://doi.org/10.3897/BDJ.11.e114729)",True,argos-doppler-shift,Megaptera novaeangliae,88730,88730,Movements of Australia's east coast humpback whales
30046730848,True,2009-07-15 17:49:00.000,150.06,-20.789,,-20.789,-20.789,B,least squares,150.06,150.06,,,argos-doppler-shift,Megaptera novaeangliae,88730,88730,Movements of Australia's east coast humpback whales
30046730678,True,2009-07-16 13:54:00.000,149.884,-20.869,,-20.869,-20.869,B,least squares,149.884,149.884,,,argos-doppler-shift,Megaptera novaeangliae,88730,88730,Movements of Australia's east coast humpback whales
30078746944,True,2009-07-16 13:54:00.000,149.84,-20.859,,,,,,,,"state-space model location estimate (see Andrews-Goff et al. 2023, https://doi.org/10.3897/BDJ.11.e114729)",True,argos-doppler-shift,Megaptera novaeangliae,88730,88730,Movements of Australia's east coast humpback whales
30046730630,True,2009-07-16 15:38:00.000,149.825,-20.862,,-20.862,-20.862,2,least squares,149.825,149.825,,,argos-doppler-shift,Megaptera novaeangliae,88730,88730,Movements of Australia's east coast humpback whales
30078746945,True,2009-07-16 15:38:00.000,149.825,-20.862,,,,,,,,"state-space model location estimate (see Andrews-Goff et al. 2023, https://doi.org/10.3897/BDJ.11.e114729)",True,argos-doppler-shift,Megaptera novaeangliae,88730,88730,Movements of Australia's east coast humpback whales
30046730601,True,2009-07-16 17:28:00.000,149.799,-20.858,,-20.858,-20.858,A,least squares,149.799,149.799,,,argos-doppler-shift,Megaptera novaeangliae,88730,88730,Movements of Australia's east coast humpback whales
30078746946,True,2009-07-16 17:28:00.000,149.809,-20.863,,,,,,,,"state-space model location estimate (see Andrews-Goff et al. 2023, https://doi.org/10.3897/BDJ.11.e114729)",True,argos-doppler-shift,Megaptera novaeangliae,88730,88730,Movements of Australia's east coast humpback whales
30046730587,True,2009-07-17 12:19:00.000,149.793,-20.763,,-20.763,-20.763,2,least squares,149.793,149.793,,,argos-doppler-shift,Megaptera novaeangliae,88730,88730,Movements of Australia's east coast humpback whales
30078746947,True,2009-07-17 12:19:00.000,149.793,-20.763,,,,,,,,"state-space model location estimate (see Andrews-Goff et al. 2023, https://doi.org/10.3897/BDJ.11.e114729)",True,argos-doppler-shift,Megaptera novaeangliae,88730,88730,Movements of Australia's east coast humpback whales
30046730542,True,2009-07-17 15:25:00.000,149.755,-20.717,,-20.717,-20.717,0,least squares,149.755,149.755,,,argos-doppler-shift,Megaptera novaeangliae,88730,88730,Movements of Australia's east coast humpback whales
30046730522,True,2009-07-17 17:05:00.000,149.74,-20.683,,-20.683,-20.683,B,least squares,149.74,149.74,,,argos-doppler-shift,Megaptera novaeangliae,88730,88730,Movements of Australia's east coast humpback whales
30046730583,True,2009-07-18 12:02:00.000,149.789,-20.803,,-20.803,-20.803,0,least squares,149.789,149.789,,,argos-doppler-shift,Megaptera novaeangliae,88730,88730,Movements of Australia's east coast humpback whales
30046730671,True,2009-07-18 15:22:00.000,149.879,-20.936,,-20.936,-20.936,B,least squares,149.879,149.879,,,argos-doppler-shift,Megaptera novaeangliae,88730,88730,Movements of Australia's east coast humpback whales
30046730560,True,2009-07-19 12:38:00.000,149.772,-20.652,,-20.652,-20.652,A,least squares,149.772,149.772,,,argos-doppler-shift,Megaptera novaeangliae,88730,88730,Movements of Australia's east coast humpback whales
30078746948,True,2009-07-19 12:38:00.000,149.752,-20.595,,,,,,,,"state-space model location estimate (see Andrews-Goff et al. 2023, https://doi.org/10.3897/BDJ.11.e114729)",True,argos-doppler-shift,Megaptera novaeangliae,88730,88730,Movements of Australia's east coast humpback whales
30046730591,True,2009-07-19 13:19:00.000,149.795,-20.636,,-20.636,-20.636,0,least squares,149.795,149.795,,,argos-doppler-shift,Megaptera novaeangliae,88730,88730,Movements of Australia's east coast humpback whales
30078746949,True,2009-07-19 13:19:00.000,149.75,-20.586,,,,,,,,"state-space model location estimate (see Andrews-Goff et al. 2023, https://doi.org/10.3897/BDJ.11.e114729)",True,argos-doppler-shift,Megaptera novaeangliae,88730,88730,Movements of Australia's east coast humpback whales
30046730516,True,2009-07-19 15:08:00.000,149.736,-20.52,,-20.52,-20.52,2,least squares,149.736,149.736,,,argos-doppler-shift,Megaptera novaeangliae,88730,88730,Movements of Australia's east coast humpback whales
30078746950,True,2009-07-19 15:08:00.000,149.735,-20.52,,,,,,,,"state-space model location estimate (see Andrews-Goff et al. 2023, https://doi.org/10.3897/BDJ.11.e114729)",True,argos-doppler-shift,Megaptera novaeangliae,88730,88730,Movements of Australia's east coast humpback whales
30046730470,True,2009-07-19 16:46:00.000,149.701,-20.454,,-20.454,-20.454,1,least squares,149.701,149.701,,,argos-doppler-shift,Megaptera novaeangliae,88730,88730,Movements of Australia's east coast humpback whales
30078746951,True,2009-07-19 16:46:00.000,149.722,-20.455,,,,,,,,"state-space model location estimate (see Andrews-Goff et al. 2023, https://doi.org/10.3897/BDJ.11.e114729)",True,argos-doppler-shift,Megaptera novaeangliae,88730,88730,Movements of Australia's east coast humpback whales
30046730504,True,2009-07-19 17:55:00.000,149.726,-20.411,,-20.411,-20.411,2,least squares,149.726,149.726,,,argos-doppler-shift,Megaptera novaeangliae,88730,88730,Movements of Australia's east coast humpback whales
30078746952,True,2009-07-19 17:55:00.000,149.724,-20.411,,,,,,,,"state-space model location estimate (see Andrews-Goff et al. 2023, https://doi.org/10.3897/BDJ.11.e114729)",True,argos-doppler-shift,Megaptera novaeangliae,88730,88730,Movements of Australia's east coast humpback whales
30046730290,True,2009-07-20 12:13:00.000,149.461,-20.458,,-20.458,-20.458,1,least squares,149.461,149.461,,,argos-doppler-shift,Megaptera novaeangliae,88730,88730,Movements of Australia's east coast humpback whales
30078746953,True,2009-07-20 12:13:00.000,149.467,-20.456,,,,,,,,"state-space model location estimate (see Andrews-Goff et al. 2023, https://doi.org/10.3897/BDJ.11.e114729)",True,argos-doppler-shift,Megaptera novaeangliae,88730,88730,Movements of Australia's east coast humpback whales
30046730291,True,2009-07-20 12:56:00.000,149.462,-20.45,,-20.45,-20.45,1,least squares,149.462,149.462,,,argos-doppler-shift,Megaptera novaeangliae,88730,88730,Movements of Australia's east coast humpback whales
30078746954,True,2009-07-20 12:56:00.000,149.456,-20.452,,,,,,,,"state-space model location estimate (see Andrews-Goff et al. 2023, https://doi.org/10.3897/BDJ.11.e114729)",True,argos-doppler-shift,Megaptera novaeangliae,88730,88730,Movements of Australia's east coast humpback whales
30046730297,True,2009-07-20 14:59:00.000,149.468,-20.443,,-20.443,-20.443,0,least squares,149.468,149.468,,,argos-doppler-shift,Megaptera novaeangliae,88730,88730,Movements of Australia's east coast humpback whales
30078746955,True,2009-07-20 14:59:00.000,149.412,-20.413,,,,,,,,"state-space model location estimate (see Andrews-Goff et al. 2023, https://doi.org/10.3897/BDJ.11.e114729)",True,argos-doppler-shift,Megaptera novaeangliae,88730,88730,Movements of Australia's east coast humpback whales
30046730229,True,2009-07-20 16:37:00.000,149.368,-20.37,,-20.37,-20.37,2,least squares,149.368,149.368,,,argos-doppler-shift,Megaptera novaeangliae,88730,88730,Movements of Australia's east coast humpback whales
30078746956,True,2009-07-20 16:37:00.000,149.367,-20.37,,,,,,,,"state-space model location estimate (see Andrews-Goff et al. 2023, https://doi.org/10.3897/BDJ.11.e114729)",True,argos-doppler-shift,Megaptera novaeangliae,88730,88730,Movements of Australia's east coast humpback whales
30046730222,True,2009-07-20 16:39:00.000,149.356,-20.366,,-20.366,-20.366,1,least squares,149.356,149.356,,,argos-doppler-shift,Megaptera novaeangliae,88730,88730,Movements of Australia's east coast humpback whales
30078746957,True,2009-07-20 16:39:00.000,149.366,-20.369,,,,,,,,"state-space model location estimate (see Andrews-Goff et al. 2023, https://doi.org/10.3897/BDJ.11.e114729)",True,argos-doppler-shift,Megaptera novaeangliae,88730,88730,Movements of Australia's east coast humpback whales
30046730219,True,2009-07-20 17:34:00.000,149.349,-20.35,,-20.35,-20.35,B,least squares,149.349,149.349,,,argos-doppler-shift,Megaptera novaeangliae,88730,88730,Movements of Australia's east coast humpback whales
30078746958,True,2009-07-20 17:34:00.000,149.342,-20.345,,,,,,,,"state-space model location estimate (see Andrews-Goff et al. 2023, https://doi.org/10.3897/BDJ.11.e114729)",True,argos-doppler-shift,Megaptera novaeangliae,88730,88730,Movements of Australia's east coast humpback whales
30046730040,True,2009-07-21 12:38:00.000,149.061,-19.974,,-19.974,-19.974,A,least squares,149.061,149.061,,,argos-doppler-shift,Megaptera novaeangliae,88730,88730,Movements of Australia's east coast humpback whales
30078746959,True,2009-07-21 12:38:00.000,149.06,-19.989,,,,,,,,"state-space model location estimate (see Andrews-Goff et al. 2023, https://doi.org/10.3897/BDJ.11.e114729)",True,argos-doppler-shift,Megaptera novaeangliae,88730,88730,Movements of Australia's east coast humpback whales
30046730017,True,2009-07-21 14:45:00.000,149.031,-19.955,,-19.955,-19.955,1,least squares,149.031,149.031,,,argos-doppler-shift,Megaptera novaeangliae,88730,88730,Movements of Australia's east coast humpback whales
30078746960,True,2009-07-21 14:45:00.000,149.032,-19.955,,,,,,,,"state-space model location estimate (see Andrews-Goff et al. 2023, https://doi.org/10.3897/BDJ.11.e114729)",True,argos-doppler-shift,Megaptera novaeangliae,88730,88730,Movements of Australia's east coast humpback whales
30046730053,True,2009-07-21 16:27:00.000,149.073,-19.938,,-19.938,-19.938,A,least squares,149.073,149.073,,,argos-doppler-shift,Megaptera novaeangliae,88730,88730,Movements of Australia's east coast humpback whales
30078746961,True,2009-07-21 16:27:00.000,149.014,-19.927,,,,,,,,"state-space model location estimate (see Andrews-Goff et al. 2023, https://doi.org/10.3897/BDJ.11.e114729)",True,argos-doppler-shift,Megaptera novaeangliae,88730,88730,Movements of Australia's east coast humpback whales
30046729770,True,2009-07-22 12:15:00.000,148.706,-19.51,,-19.51,-19.51,A,least squares,148.706,148.706,,,argos-doppler-shift,Megaptera novaeangliae,88730,88730,Movements of Australia's east coast humpback whales
30078746962,True,2009-07-22 12:15:00.000,148.713,-19.525,,,,,,,,"state-space model location estimate (see Andrews-Goff et al. 2023, https://doi.org/10.3897/BDJ.11.e114729)",True,argos-doppler-shift,Megaptera novaeangliae,88730,88730,Movements of Australia's east coast humpback whales
30046729755,True,2009-07-22 14:35:00.000,148.7,-19.514,,-19.514,-19.514,B,least squares,148.7,148.7,,,argos-doppler-shift,Megaptera novaeangliae,88730,88730,Movements of Australia's east coast humpback whales
30078746963,True,2009-07-22 14:35:00.000,148.678,-19.485,,,,,,,,"state-space model location estimate (see Andrews-Goff et al. 2023, https://doi.org/10.3897/BDJ.11.e114729)",True,argos-doppler-shift,Megaptera novaeangliae,88730,88730,Movements of Australia's east coast humpback whales
30046728954,True,2009-07-23 12:46:00.000,148.353,-19.287,,-19.287,-19.287,B,least squares,148.353,148.353,,,argos-doppler-shift,Megaptera novaeangliae,88730,88730,Movements of Australia's east coast humpback whales
30078746964,True,2009-07-23 12:46:00.000,148.36,-19.286,,,,,,,,"state-space model location estimate (see Andrews-Goff et al. 2023, https://doi.org/10.3897/BDJ.11.e114729)",True,argos-doppler-shift,Megaptera novaeangliae,88730,88730,Movements of Australia's east coast humpback whales
30046728906,True,2009-07-23 14:23:00.000,148.321,-19.263,,-19.263,-19.263,B,least squares,148.321,148.321,,,argos-doppler-shift,Megaptera novaeangliae,88730,88730,Movements of Australia's east coast humpback whales
30046729147,True,2009-07-24 14:13:00.000,148.454,-19.471,,-19.471,-19.471,1,least squares,148.454,148.454,,,argos-doppler-shift,Megaptera novaeangliae,88730,88730,Movements of Australia's east coast humpback whales
30078746965,True,2009-07-24 14:13:00.000,148.455,-19.471,,,,,,,,"state-space model location estimate (see Andrews-Goff et al. 2023, https://doi.org/10.3897/BDJ.11.e114729)",True,argos-doppler-shift,Megaptera novaeangliae,88730,88730,Movements of Australia's east coast humpback whales
30046729982,True,2009-07-24 15:57:00.000,148.986,-19.35,,-19.35,-19.35,0,least squares,148.986,148.986,,,argos-doppler-shift,Megaptera novaeangliae,88730,88730,Movements of Australia's east coast humpback whales
30046729292,True,2009-07-24 17:36:00.000,148.505,-19.525,,-19.525,-19.525,A,least squares,148.505,148.505,,,argos-doppler-shift,Megaptera novaeangliae,88730,88730,Movements of Australia's east coast humpback whales
30078746966,True,2009-07-24 17:36:00.000,148.475,-19.512,,,,,,,,"state-space model location estimate (see Andrews-Goff et al. 2023, https://doi.org/10.3897/BDJ.11.e114729)",True,argos-doppler-shift,Megaptera novaeangliae,88730,88730,Movements of Australia's east coast humpback whales
30046728893,True,2009-07-25 15:44:00.000,148.306,-19.714,,-19.714,-19.714,1,least squares,148.306,148.306,,,argos-doppler-shift,Megaptera novaeangliae,88730,88730,Movements of Australia's east coast humpback whales
30078746967,True,2009-07-25 15:44:00.000,148.305,-19.714,,,,,,,,"state-space model location estimate (see Andrews-Goff et al. 2023, https://doi.org/10.3897/BDJ.11.e114729)",True,argos-doppler-shift,Megaptera novaeangliae,88730,88730,Movements of Australia's east coast humpback whales
30046728565,True,2009-07-26 12:34:00.000,147.778,-19.569,,-19.569,-19.569,2,least squares,147.778,147.778,,,argos-doppler-shift,Megaptera novaeangliae,88730,88730,Movements of Australia's east coast humpback whales
30078746968,True,2009-07-26 12:34:00.000,147.78,-19.569,,,,,,,,"state-space model location estimate (see Andrews-Goff et al. 2023, https://doi.org/10.3897/BDJ.11.e114729)",True,argos-doppler-shift,Megaptera novaeangliae,88730,88730,Movements of Australia's east coast humpback whales
30046728562,True,2009-07-26 13:15:00.000,147.776,-19.565,,-19.565,-19.565,1,least squares,147.776,147.776,,,argos-doppler-shift,Megaptera novaeangliae,88730,88730,Movements of Australia's east coast humpback whales
30078746969,True,2009-07-26 13:15:00.000,147.766,-19.565,,,,,,,,"state-space model location estimate (see Andrews-Goff et al. 2023, https://doi.org/10.3897/BDJ.11.e114729)",True,argos-doppler-shift,Megaptera novaeangliae,88730,88730,Movements of Australia's east coast humpback whales
30046728532,True,2009-07-26 15:32:00.000,147.723,-19.537,,-19.537,-19.537,A,least squares,147.723,147.723,,,argos-doppler-shift,Megaptera novaeangliae,88730,88730,Movements of Australia's east coast humpback whales
30046728620,True,2009-07-27 12:12:00.000,147.914,-19.727,,-19.727,-19.727,2,least squares,147.914,147.914,,,argos-doppler-shift,Megaptera novaeangliae,88730,88730,Movements of Australia's east coast humpback whales
30078746970,True,2009-07-27 12:12:00.000,147.912,-19.727,,,,,,,,"state-space model location estimate (see Andrews-Goff et al. 2023, https://doi.org/10.3897/BDJ.11.e114729)",True,argos-doppler-shift,Megaptera novaeangliae,88730,88730,Movements of Australia's east coast humpback whales
30046728618,True,2009-07-27 12:52:00.000,147.908,-19.731,,-19.731,-19.731,1,least squares,147.908,147.908,,,argos-doppler-shift,Megaptera novaeangliae,88730,88730,Movements of Australia's east coast humpback whales
30078746971,True,2009-07-27 12:52:00.000,147.914,-19.731,,,,,,,,"state-space model location estimate (see Andrews-Goff et al. 2023, https://doi.org/10.3897/BDJ.11.e114729)",True,argos-doppler-shift,Megaptera novaeangliae,88730,88730,Movements of Australia's east coast humpback whales
30046728614,True,2009-07-27 15:20:00.000,147.899,-19.743,,-19.743,-19.743,1,least squares,147.899,147.899,,,argos-doppler-shift,Megaptera novaeangliae,88730,88730,Movements of Australia's east coast humpback whales
30078746972,True,2009-07-27 15:20:00.000,147.901,-19.743,,,,,,,,"state-space model location estimate (see Andrews-Goff et al. 2023, https://doi.org/10.3897/BDJ.11.e114729)",True,argos-doppler-shift,Megaptera novaeangliae,88730,88730,Movements of Australia's east coast humpback whales
30046728598,True,2009-07-27 17:00:00.000,147.874,-19.741,,-19.741,-19.741,B,least squares,147.874,147.874,,,argos-doppler-shift,Megaptera novaeangliae,88730,88730,Movements of Australia's east coast humpback whales
30078746973,True,2009-07-27 17:00:00.000,147.895,-19.747,,,,,,,,"state-space model location estimate (see Andrews-Goff et al. 2023, https://doi.org/10.3897/BDJ.11.e114729)",True,argos-doppler-shift,Megaptera novaeangliae,88730,88730,Movements of Australia's east coast humpback whales
30046728662,True,2009-07-28 12:31:00.000,147.991,-19.572,,-19.572,-19.572,A,least squares,147.991,147.991,,,argos-doppler-shift,Megaptera novaeangliae,88730,88730,Movements of Australia's east coast humpback whales
30078746974,True,2009-07-28 12:31:00.000,148.007,-19.562,,,,,,,,"state-space model location estimate (see Andrews-Goff et al. 2023, https://doi.org/10.3897/BDJ.11.e114729)",True,argos-doppler-shift,Megaptera novaeangliae,88730,88730,Movements of Australia's east coast humpback whales
30046728670,True,2009-07-28 13:31:00.000,148.0,-19.554,,-19.554,-19.554,A,least squares,148.0,148.0,,,argos-doppler-shift,Megaptera novaeangliae,88730,88730,Movements of Australia's east coast humpback whales
30078746975,True,2009-07-28 13:31:00.000,148.01,-19.558,,,,,,,,"state-space model location estimate (see Andrews-Goff et al. 2023, https://doi.org/10.3897/BDJ.11.e114729)",True,argos-doppler-shift,Megaptera novaeangliae,88730,88730,Movements of Australia's east coast humpback whales
30046728674,True,2009-07-28 15:10:00.000,148.007,-19.568,,-19.568,-19.568,2,least squares,148.007,148.007,,,argos-doppler-shift,Megaptera novaeangliae,88730,88730,Movements of Australia's east coast humpback whales
30078746976,True,2009-07-28 15:10:00.000,148.007,-19.568,,,,,,,,"state-space model location estimate (see Andrews-Goff et al. 2023, https://doi.org/10.3897/BDJ.11.e114729)",True,argos-doppler-shift,Megaptera novaeangliae,88730,88730,Movements of Australia's east coast humpback whales
30046728649,True,2009-07-28 17:41:00.000,147.976,-19.632,,-19.632,-19.632,2,least squares,147.976,147.976,,,argos-doppler-shift,Megaptera novaeangliae,88730,88730,Movements of Australia's east coast humpback whales
30078746977,True,2009-07-28 17:41:00.000,147.976,-19.632,,,,,,,,"state-space model location estimate (see Andrews-Goff et al. 2023, https://doi.org/10.3897/BDJ.11.e114729)",True,argos-doppler-shift,Megaptera novaeangliae,88730,88730,Movements of Australia's east coast humpback whales
30046728471,True,2009-07-29 12:07:00.000,147.554,-19.34,,-19.34,-19.34,3,least squares,147.554,147.554,,,argos-doppler-shift,Megaptera novaeangliae,88730,88730,Movements of Australia's east coast humpback whales
30078746978,True,2009-07-29 12:07:00.000,147.553,-19.34,,,,,,,,"state-space model location estimate (see Andrews-Goff et al. 2023, https://doi.org/10.3897/BDJ.11.e114729)",True,argos-doppler-shift,Megaptera novaeangliae,88730,88730,Movements of Australia's east coast humpback whales
30046728442,True,2009-07-29 13:13:00.000,147.486,-19.295,,-19.295,-19.295,B,least squares,147.486,147.486,,,argos-doppler-shift,Megaptera novaeangliae,88730,88730,Movements of Australia's east coast humpback whales
30078746979,True,2009-07-29 13:13:00.000,147.513,-19.312,,,,,,,,"state-space model location estimate (see Andrews-Goff et al. 2023, https://doi.org/10.3897/BDJ.11.e114729)",True,argos-doppler-shift,Megaptera novaeangliae,88730,88730,Movements of Australia's east coast humpback whales
30046728418,True,2009-07-29 15:02:00.000,147.401,-19.217,,-19.217,-19.217,B,least squares,147.401,147.401,,,argos-doppler-shift,Megaptera novaeangliae,88730,88730,Movements of Australia's east coast humpback whales
30078746980,True,2009-07-29 15:02:00.000,147.419,-19.248,,,,,,,,"state-space model location estimate (see Andrews-Goff et al. 2023, https://doi.org/10.3897/BDJ.11.e114729)",True,argos-doppler-shift,Megaptera novaeangliae,88730,88730,Movements of Australia's east coast humpback whales
30046728399,True,2009-07-29 16:39:00.000,147.322,-19.185,,-19.185,-19.185,1,least squares,147.322,147.322,,,argos-doppler-shift,Megaptera novaeangliae,88730,88730,Movements of Australia's east coast humpback whales
30078746981,True,2009-07-29 16:39:00.000,147.328,-19.186,,,,,,,,"state-space model location estimate (see Andrews-Goff et al. 2023, https://doi.org/10.3897/BDJ.11.e114729)",True,argos-doppler-shift,Megaptera novaeangliae,88730,88730,Movements of Australia's east coast humpback whales
30046728383,True,2009-07-30 16:29:00.000,147.234,-18.769,,-18.769,-18.769,A,least squares,147.234,147.234,,,argos-doppler-shift,Megaptera novaeangliae,88730,88730,Movements of Australia's east coast humpback whales
30078746982,True,2009-07-30 16:29:00.000,147.234,-18.767,,,,,,,,"state-space model location estimate (see Andrews-Goff et al. 2023, https://doi.org/10.3897/BDJ.11.e114729)",True,argos-doppler-shift,Megaptera novaeangliae,88730,88730,Movements of Australia's east coast humpback whales
30046728450,True,2009-07-31 12:30:00.000,147.503,-18.648,,-18.648,-18.648,A,least squares,147.503,147.503,,,argos-doppler-shift,Megaptera novaeangliae,88730,88730,Movements of Australia's east coast humpback whales
30078746983,True,2009-07-31 12:30:00.000,147.501,-18.657,,,,,,,,"state-space model location estimate (see Andrews-Goff et al. 2023, https://doi.org/10.3897/BDJ.11.e114729)",True,argos-doppler-shift,Megaptera novaeangliae,88730,88730,Movements of Australia's east coast humpback whales
30046728445,True,2009-07-31 14:39:00.000,147.493,-18.631,,-18.631,-18.631,B,least squares,147.493,147.493,,,argos-doppler-shift,Megaptera novaeangliae,88730,88730,Movements of Australia's east coast humpback whales
30078746984,True,2009-07-31 14:39:00.000,147.527,-18.653,,,,,,,,"state-space model location estimate (see Andrews-Goff et al. 2023, https://doi.org/10.3897/BDJ.11.e114729)",True,argos-doppler-shift,Megaptera novaeangliae,88730,88730,Movements of Australia's east coast humpback whales
30046728493,True,2009-07-31 16:23:00.000,147.6,-18.588,,-18.588,-18.588,B,least squares,147.6,147.6,,,argos-doppler-shift,Megaptera novaeangliae,88730,88730,Movements of Australia's east coast humpback whales
30078746985,True,2009-07-31 16:23:00.000,147.546,-18.653,,,,,,,,"state-space model location estimate (see Andrews-Goff et al. 2023, https://doi.org/10.3897/BDJ.11.e114729)",True,argos-doppler-shift,Megaptera novaeangliae,88730,88730,Movements of Australia's east coast humpback whales
30046728437,True,2009-08-01 12:09:00.000,147.476,-18.579,,-18.579,-18.579,2,least squares,147.476,147.476,,,argos-doppler-shift,Megaptera novaeangliae,88730,88730,Movements of Australia's east coast humpback whales
30078746986,True,2009-08-01 12:09:00.000,147.474,-18.573,,,,,,,,"state-space model location estimate (see Andrews-Goff et al. 2023, https://doi.org/10.3897/BDJ.11.e114729)",True,argos-doppler-shift,Megaptera novaeangliae,88730,88730,Movements of Australia's east coast humpback whales
30046728433,True,2009-08-01 12:37:00.000,147.47,-18.557,,-18.557,-18.557,2,least squares,147.47,147.47,,,argos-doppler-shift,Megaptera novaeangliae,88730,88730,Movements of Australia's east coast humpback whales
30078746987,True,2009-08-01 12:37:00.000,147.473,-18.562,,,,,,,,"state-space model location estimate (see Andrews-Goff et al. 2023, https://doi.org/10.3897/BDJ.11.e114729)",True,argos-doppler-shift,Megaptera novaeangliae,88730,88730,Movements of Australia's east coast humpback whales
30046728440,True,2009-08-01 14:29:00.000,147.484,-18.493,,-18.493,-18.493,2,least squares,147.484,147.484,,,argos-doppler-shift,Megaptera novaeangliae,88730,88730,Movements of Australia's east coast humpback whales
30078746988,True,2009-08-01 14:29:00.000,147.483,-18.493,,,,,,,,"state-space model location estimate (see Andrews-Goff et al. 2023, https://doi.org/10.3897/BDJ.11.e114729)",True,argos-doppler-shift,Megaptera novaeangliae,88730,88730,Movements of Australia's east coast humpback whales
30046728268,True,2009-08-02 15:56:00.000,146.811,-17.863,,-17.863,-17.863,A,least squares,146.811,146.811,,,argos-doppler-shift,Megaptera novaeangliae,88730,88730,Movements of Australia's east coast humpback whales
30078746989,True,2009-08-02 15:56:00.000,146.825,-17.869,,,,,,,,"state-space model location estimate (see Andrews-Goff et al. 2023, https://doi.org/10.3897/BDJ.11.e114729)",True,argos-doppler-shift,Megaptera novaeangliae,88730,88730,Movements of Australia's east coast humpback whales
30046728267,True,2009-08-03 13:09:00.000,146.81,-17.637,,-17.637,-17.637,A,least squares,146.81,146.81,,,argos-doppler-shift,Megaptera novaeangliae,88730,88730,Movements of Australia's east coast humpback whales
30078746990,True,2009-08-03 13:09:00.000,146.768,-17.584,,,,,,,,"state-space model location estimate (see Andrews-Goff et al. 2023, https://doi.org/10.3897/BDJ.11.e114729)",True,argos-doppler-shift,Megaptera novaeangliae,88730,88730,Movements of Australia's east coast humpback whales
30046728253,True,2009-08-03 15:33:00.000,146.756,-17.531,,-17.531,-17.531,1,least squares,146.756,146.756,,,argos-doppler-shift,Megaptera novaeangliae,88730,88730,Movements of Australia's east coast humpback whales
30078746991,True,2009-08-03 15:33:00.000,146.757,-17.532,,,,,,,,"state-space model location estimate (see Andrews-Goff et al. 2023, https://doi.org/10.3897/BDJ.11.e114729)",True,argos-doppler-shift,Megaptera novaeangliae,88730,88730,Movements of Australia's east coast humpback whales
30046728248,True,2009-08-04 15:22:00.000,146.688,-17.507,,-17.507,-17.507,A,least squares,146.688,146.688,,,argos-doppler-shift,Megaptera novaeangliae,88730,88730,Movements of Australia's east coast humpback whales
30078746992,True,2009-08-04 15:22:00.000,146.681,-17.506,,,,,,,,"state-space model location estimate (see Andrews-Goff et al. 2023, https://doi.org/10.3897/BDJ.11.e114729)",True,argos-doppler-shift,Megaptera novaeangliae,88730,88730,Movements of Australia's east coast humpback whales
30046728250,True,2009-08-04 15:34:00.000,146.718,-17.5,,-17.5,-17.5,B,least squares,146.718,146.718,,,argos-doppler-shift,Megaptera novaeangliae,88730,88730,Movements of Australia's east coast humpback whales
30046728198,True,2009-08-05 12:44:00.000,146.275,-17.45,,-17.45,-17.45,B,least squares,146.275,146.275,,,argos-doppler-shift,Megaptera novaeangliae,88730,88730,Movements of Australia's east coast humpback whales
30078746993,True,2009-08-05 12:44:00.000,146.295,-17.439,,,,,,,,"state-space model location estimate (see Andrews-Goff et al. 2023, https://doi.org/10.3897/BDJ.11.e114729)",True,argos-doppler-shift,Megaptera novaeangliae,88730,88730,Movements of Australia's east coast humpback whales
30046728197,True,2009-08-05 15:11:00.000,146.271,-17.418,,-17.418,-17.418,B,least squares,146.271,146.271,,,argos-doppler-shift,Megaptera novaeangliae,88730,88730,Movements of Australia's east coast humpback whales
30078746994,True,2009-08-05 15:11:00.000,146.254,-17.428,,,,,,,,"state-space model location estimate (see Andrews-Goff et al. 2023, https://doi.org/10.3897/BDJ.11.e114729)",True,argos-doppler-shift,Megaptera novaeangliae,88730,88730,Movements of Australia's east coast humpback whales
30046728195,True,2009-08-05 15:29:00.000,146.254,-17.413,,-17.413,-17.413,B,least squares,146.254,146.254,,,argos-doppler-shift,Megaptera novaeangliae,88730,88730,Movements of Australia's east coast humpback whales
30078746995,True,2009-08-05 15:29:00.000,146.25,-17.427,,,,,,,,"state-space model location estimate (see Andrews-Goff et al. 2023, https://doi.org/10.3897/BDJ.11.e114729)",True,argos-doppler-shift,Megaptera novaeangliae,88730,88730,Movements of Australia's east coast humpback whales
30046728191,True,2009-08-05 16:55:00.000,146.201,-17.425,,-17.425,-17.425,A,least squares,146.201,146.201,,,argos-doppler-shift,Megaptera novaeangliae,88730,88730,Movements of Australia's east coast humpback whales
30078746996,True,2009-08-05 16:55:00.000,146.227,-17.42,,,,,,,,"state-space model location estimate (see Andrews-Goff et al. 2023, https://doi.org/10.3897/BDJ.11.e114729)",True,argos-doppler-shift,Megaptera novaeangliae,88730,88730,Movements of Australia's east coast humpback whales
30046728193,True,2009-08-05 17:48:00.000,146.209,-17.407,,-17.407,-17.407,A,least squares,146.209,146.209,,,argos-doppler-shift,Megaptera novaeangliae,88730,88730,Movements of Australia's east coast humpback whales
30078746997,True,2009-08-05 17:48:00.000,146.214,-17.416,,,,,,,,"state-space model location estimate (see Andrews-Goff et al. 2023, https://doi.org/10.3897/BDJ.11.e114729)",True,argos-doppler-shift,Megaptera novaeangliae,88730,88730,Movements of Australia's east coast humpback whales
30046728181,True,2009-08-06 12:06:00.000,146.087,-17.156,,-17.156,-17.156,1,least squares,146.087,146.087,,,argos-doppler-shift,Megaptera novaeangliae,88730,88730,Movements of Australia's east coast humpback whales
30078746998,True,2009-08-06 12:06:00.000,146.081,-17.155,,,,,,,,"state-space model location estimate (see Andrews-Goff et al. 2023, https://doi.org/10.3897/BDJ.11.e114729)",True,argos-doppler-shift,Megaptera novaeangliae,88730,88730,Movements of Australia's east coast humpback whales
30046728180,True,2009-08-06 12:21:00.000,146.065,-17.139,,-17.139,-17.139,0,least squares,146.065,146.065,,,argos-doppler-shift,Megaptera novaeangliae,88730,88730,Movements of Australia's east coast humpback whales
30078746999,True,2009-08-06 12:21:00.000,146.079,-17.151,,,,,,,,"state-space model location estimate (see Andrews-Goff et al. 2023, https://doi.org/10.3897/BDJ.11.e114729)",True,argos-doppler-shift,Megaptera novaeangliae,88730,88730,Movements of Australia's east coast humpback whales
30046728174,True,2009-08-06 15:04:00.000,146.023,-17.064,,-17.064,-17.064,2,least squares,146.023,146.023,,,argos-doppler-shift,Megaptera novaeangliae,88730,88730,Movements of Australia's east coast humpback whales
30078747000,True,2009-08-06 15:04:00.000,146.014,-17.063,,,,,,,,"state-space model location estimate (see Andrews-Goff et al. 2023, https://doi.org/10.3897/BDJ.11.e114729)",True,argos-doppler-shift,Megaptera novaeangliae,88730,88730,Movements of Australia's east coast humpback whales
30046728171,True,2009-08-06 15:17:00.000,146.004,-17.056,,-17.056,-17.056,3,least squares,146.004,146.004,,,argos-doppler-shift,Megaptera novaeangliae,88730,88730,Movements of Australia's east coast humpback whales
30078747001,True,2009-08-06 15:17:00.000,146.009,-17.056,,,,,,,,"state-space model location estimate (see Andrews-Goff et al. 2023, https://doi.org/10.3897/BDJ.11.e114729)",True,argos-doppler-shift,Megaptera novaeangliae,88730,88730,Movements of Australia's east coast humpback whales
30046728168,True,2009-08-06 16:43:00.000,145.994,-16.997,,-16.997,-16.997,3,least squares,145.994,145.994,,,argos-doppler-shift,Megaptera novaeangliae,88730,88730,Movements of Australia's east coast humpback whales
30078747002,True,2009-08-06 16:43:00.000,145.993,-16.997,,,,,,,,"state-space model location estimate (see Andrews-Goff et al. 2023, https://doi.org/10.3897/BDJ.11.e114729)",True,argos-doppler-shift,Megaptera novaeangliae,88730,88730,Movements of Australia's east coast humpback whales
30046728092,True,2009-08-08 14:42:00.000,145.609,-15.825,,-15.825,-15.825,A,least squares,145.609,145.609,,,argos-doppler-shift,Megaptera novaeangliae,88730,88730,Movements of Australia's east coast humpback whales
30078747003,True,2009-08-08 14:42:00.000,145.554,-15.786,,,,,,,,"state-space model location estimate (see Andrews-Goff et al. 2023, https://doi.org/10.3897/BDJ.11.e114729)",True,argos-doppler-shift,Megaptera novaeangliae,88730,88730,Movements of Australia's east coast humpback whales
30046728075,True,2009-08-08 16:18:00.000,145.483,-15.701,,-15.701,-15.701,A,least squares,145.483,145.483,,,argos-doppler-shift,Megaptera novaeangliae,88730,88730,Movements of Australia's east coast humpback whales
30078747004,True,2009-08-08 16:18:00.000,145.537,-15.743,,,,,,,,"state-space model location estimate (see Andrews-Goff et al. 2023, https://doi.org/10.3897/BDJ.11.e114729)",True,argos-doppler-shift,Megaptera novaeangliae,88730,88730,Movements of Australia's east coast humpback whales
30046728094,True,2009-08-09 14:32:00.000,145.613,-16.366,,-16.366,-16.366,A,least squares,145.613,145.613,,,argos-doppler-shift,Megaptera novaeangliae,88730,88730,Movements of Australia's east coast humpback whales
30078747005,True,2009-08-09 14:32:00.000,145.624,-16.365,,,,,,,,"state-space model location estimate (see Andrews-Goff et al. 2023, https://doi.org/10.3897/BDJ.11.e114729)",True,argos-doppler-shift,Megaptera novaeangliae,88730,88730,Movements of Australia's east coast humpback whales
30046728096,True,2009-08-09 14:43:00.000,145.619,-16.372,,-16.372,-16.372,A,least squares,145.619,145.619,,,argos-doppler-shift,Megaptera novaeangliae,88730,88730,Movements of Australia's east coast humpback whales
30078747006,True,2009-08-09 14:43:00.000,145.625,-16.37,,,,,,,,"state-space model location estimate (see Andrews-Goff et al. 2023, https://doi.org/10.3897/BDJ.11.e114729)",True,argos-doppler-shift,Megaptera novaeangliae,88730,88730,Movements of Australia's east coast humpback whales
30046728103,True,2009-08-09 16:10:00.000,145.643,-16.412,,-16.412,-16.412,B,least squares,145.643,145.643,,,argos-doppler-shift,Megaptera novaeangliae,88730,88730,Movements of Australia's east coast humpback whales
30078747007,True,2009-08-09 16:10:00.000,145.633,-16.409,,,,,,,,"state-space model location estimate (see Andrews-Goff et al. 2023, https://doi.org/10.3897/BDJ.11.e114729)",True,argos-doppler-shift,Megaptera novaeangliae,88730,88730,Movements of Australia's east coast humpback whales
30046728104,True,2009-08-09 16:26:00.000,145.647,-16.417,,-16.417,-16.417,A,least squares,145.647,145.647,,,argos-doppler-shift,Megaptera novaeangliae,88730,88730,Movements of Australia's east coast humpback whales
30078747008,True,2009-08-09 16:26:00.000,145.634,-16.417,,,,,,,,"state-space model location estimate (see Andrews-Goff et al. 2023, https://doi.org/10.3897/BDJ.11.e114729)",True,argos-doppler-shift,Megaptera novaeangliae,88730,88730,Movements of Australia's east coast humpback whales
30046728155,True,2009-08-10 12:27:00.000,145.908,-16.714,,-16.714,-16.714,2,least squares,145.908,145.908,,,argos-doppler-shift,Megaptera novaeangliae,88730,88730,Movements of Australia's east coast humpback whales
30078747009,True,2009-08-10 12:27:00.000,145.908,-16.714,,,,,,,,"state-space model location estimate (see Andrews-Goff et al. 2023, https://doi.org/10.3897/BDJ.11.e114729)",True,argos-doppler-shift,Megaptera novaeangliae,88730,88730,Movements of Australia's east coast humpback whales
30046728189,True,2009-08-11 15:50:00.000,146.172,-17.064,,-17.064,-17.064,B,least squares,146.172,146.172,,,argos-doppler-shift,Megaptera novaeangliae,88730,88730,Movements of Australia's east coast humpback whales
30078747010,True,2009-08-11 15:50:00.000,146.173,-17.064,,,,,,,,"state-space model location estimate (see Andrews-Goff et al. 2023, https://doi.org/10.3897/BDJ.11.e114729)",True,argos-doppler-shift,Megaptera novaeangliae,88730,88730,Movements of Australia's east coast humpback whales
